top_rank,run,seed,val_MSE,test_MSE,test_RMSE,test_MAE,test_MAPE,test_R2
1,2,49,48.18943584481476,273.9193640120453,16.550509478926784,13.1631430218903,2.854514539168631,0.9485689863446661
2,1,42,242.30915322520954,1300.0509400057144,36.056219158499054,30.907562116165625,6.242256765140403,0.755902844294267
3,166,532,333.9666570754454,2317.987923725446,48.1454870546082,41.179982946174164,9.358449849045007,0.564775316312504
4,135,156,346.3170809669296,2887.9026824244797,53.73920991626579,46.469464391051694,9.382353391112366,0.45776830042392525
5,45,1862,450.1746018091888,2825.5720654720026,53.15611033053493,46.24376429038649,9.533493558077598,0.46947147746360063
